transaction_id,category
8401,Bills & Utilities
8402,Bills & Utilities
8403,Food & Dining
8404,Bills & Utilities
8405,Food & Dining
8406,Bills & Utilities
8407,Food & Dining
8408,Bills & Utilities
8409,Bills & Utilities
8410,Food & Dining
8411,Bills & Utilities
8412,Food & Dining
8413,Food & Dining
8414,Bills & Utilities
8415,Food & Dining
8416,Bills & Utilities
8417,Bills & Utilities
8418,Food & Dining
8419,Food & Dining
8420,Bills & Utilities
8421,Bills & Utilities
8422,Bills & Utilities
8423,Food & Dining
8424,Bills & Utilities
8425,Food & Dining
8426,Entertainment
8427,Bills & Utilities
8428,Bills & Utilities
8429,Bills & Utilities
8430,Bills & Utilities
8431,Food & Dining
8432,Bills & Utilities
8433,Food & Dining
8434,Bills & Utilities
8435,Bills & Utilities
8436,Food & Dining
8437,Food & Dining
8438,Bills & Utilities
8439,Bills & Utilities
8440,Bills & Utilities
8441,Bills & Utilities
8442,Bills & Utilities
8443,Food & Dining
8444,Food & Dining
8445,Bills & Utilities
8446,Food & Dining
8447,Bills & Utilities
8448,Food & Dining
8449,Entertainment
8450,Bills & Utilities
8451,Bills & Utilities
8452,Entertainment
8453,Food & Dining
8454,Entertainment
8455,Food & Dining
8456,Bills & Utilities
8457,Food & Dining
8458,Food & Dining
8459,Bills & Utilities
8460,Bills & Utilities
8461,Bills & Utilities
8462,Entertainment
8463,Bills & Utilities
8464,Bills & Utilities
8465,Transportation
8466,Bills & Utilities
8467,Transportation
8468,Food & Dining
8469,Bills & Utilities
8470,Food & Dining
8471,Food & Dining
8472,Food & Dining
8473,Bills & Utilities
8474,Food & Dining
8475,Food & Dining
8476,Bills & Utilities
8477,Bills & Utilities
8478,Food & Dining
8479,Bills & Utilities
8480,Food & Dining
8481,Bills & Utilities
8482,Transportation
8483,Food & Dining
8484,Bills & Utilities
8485,Bills & Utilities
8486,Bills & Utilities
8487,Food & Dining
8488,Food & Dining
8489,Bills & Utilities
8490,Food & Dining
8491,Bills & Utilities
8492,Bills & Utilities
8493,Food & Dining
8494,Bills & Utilities
8495,Bills & Utilities
8496,Bills & Utilities
8497,Bills & Utilities
8498,Entertainment
8499,Bills & Utilities
8500,Bills & Utilities
8501,Food & Dining
8502,Bills & Utilities
8503,Food & Dining
8504,Bills & Utilities
8505,Food & Dining
8506,Food & Dining
8507,Bills & Utilities
8508,Food & Dining
8509,Entertainment
8510,Bills & Utilities
8511,Food & Dining
8512,Food & Dining
8513,Food & Dining
8514,Bills & Utilities
8515,Transportation
8516,Food & Dining
8517,Bills & Utilities
8518,Food & Dining
8519,Entertainment
8520,Bills & Utilities
8521,Bills & Utilities
8522,Bills & Utilities
8523,Food & Dining
8524,Bills & Utilities
8525,Bills & Utilities
8526,Entertainment
8527,Food & Dining
8528,Food & Dining
8529,Entertainment
8530,Food & Dining
8531,Food & Dining
8532,Food & Dining
8533,Food & Dining
8534,Food & Dining
8535,Food & Dining
8536,Bills & Utilities
8537,Food & Dining
8538,Bills & Utilities
8539,Entertainment
8540,Bills & Utilities
8541,Bills & Utilities
8542,Bills & Utilities
8543,Food & Dining
8544,Bills & Utilities
8545,Bills & Utilities
8546,Food & Dining
8547,Bills & Utilities
8548,Food & Dining
8549,Bills & Utilities
8550,Bills & Utilities
8551,Bills & Utilities
8552,Bills & Utilities
8553,Food & Dining
8554,Bills & Utilities
8555,Entertainment
8556,Subscriptions
8557,Food & Dining
8558,Bills & Utilities
8559,Food & Dining
8560,Bills & Utilities
8561,Bills & Utilities
8562,Bills & Utilities
8563,Food & Dining
8564,Bills & Utilities
8565,Bills & Utilities
8566,Food & Dining
8567,Bills & Utilities
8568,Bills & Utilities
8569,Bills & Utilities
8570,Food & Dining
8571,Bills & Utilities
8572,Transportation
8573,Bills & Utilities
8574,Bills & Utilities
8575,Bills & Utilities
8576,Food & Dining
8577,Bills & Utilities
8578,Food & Dining
8579,Bills & Utilities
8580,Subscriptions
8581,Subscriptions
8582,Food & Dining
8583,Bills & Utilities
8584,Bills & Utilities
8585,Bills & Utilities
8586,Bills & Utilities
8587,Bills & Utilities
8588,Bills & Utilities
8589,Bills & Utilities
8590,Food & Dining
8591,Bills & Utilities
8592,Food & Dining
8593,Entertainment
8594,Food & Dining
8595,Bills & Utilities
8596,Bills & Utilities
8597,Bills & Utilities
8598,Bills & Utilities
8599,Bills & Utilities
8600,Food & Dining
8601,Bills & Utilities
8602,Bills & Utilities
8603,Entertainment
8604,Bills & Utilities
8605,Food & Dining
8606,Entertainment
8607,Entertainment
8608,Food & Dining
8609,Food & Dining
8610,Food & Dining
8611,Bills & Utilities
8612,Bills & Utilities
8613,Bills & Utilities
8614,Bills & Utilities
8615,Bills & Utilities
8616,Bills & Utilities
8617,Entertainment
8618,Bills & Utilities
8619,Food & Dining
8620,Food & Dining
8621,Bills & Utilities
8622,Food & Dining
8623,Bills & Utilities
8624,Bills & Utilities
8625,Food & Dining
8626,Bills & Utilities
8627,Food & Dining
8628,Bills & Utilities
8629,Bills & Utilities
8630,Bills & Utilities
8631,Food & Dining
8632,Food & Dining
8633,Bills & Utilities
8634,Entertainment
8635,Bills & Utilities
8636,Bills & Utilities
8637,Bills & Utilities
8638,Transportation
8639,Bills & Utilities
8640,Food & Dining
8641,Food & Dining
8642,Food & Dining
8643,Food & Dining
8644,Food & Dining
8645,Bills & Utilities
8646,Entertainment
8647,Bills & Utilities
8648,Food & Dining
8649,Bills & Utilities
8650,Bills & Utilities
8651,Bills & Utilities
8652,Food & Dining
8653,Bills & Utilities
8654,Bills & Utilities
8655,Bills & Utilities
8656,Subscriptions
8657,Bills & Utilities
8658,Bills & Utilities
8659,Bills & Utilities
8660,Bills & Utilities
8661,Entertainment
8662,Bills & Utilities
8663,Bills & Utilities
8664,Transportation
8665,Bills & Utilities
8666,Food & Dining
8667,Bills & Utilities
8668,Bills & Utilities
8669,Bills & Utilities
8670,Bills & Utilities
8671,Bills & Utilities
8672,Bills & Utilities
8673,Food & Dining
8674,Food & Dining
8675,Food & Dining
8676,Food & Dining
8677,Bills & Utilities
8678,Food & Dining
8679,Bills & Utilities
8680,Food & Dining
8681,Bills & Utilities
8682,Food & Dining
8683,Food & Dining
8684,Transportation
8685,Bills & Utilities
8686,Entertainment
8687,Food & Dining
8688,Shopping
8689,Bills & Utilities
8690,Bills & Utilities
8691,Food & Dining
8692,Food & Dining
8693,Bills & Utilities
8694,Food & Dining
8695,Bills & Utilities
8696,Bills & Utilities
8697,Transportation
8698,Food & Dining
8699,Bills & Utilities
8700,Bills & Utilities
8701,Food & Dining
8702,Entertainment
8703,Entertainment
8704,Bills & Utilities
8705,Bills & Utilities
8706,Food & Dining
8707,Food & Dining
8708,Entertainment
8709,Entertainment
8710,Bills & Utilities
8711,Food & Dining
8712,Food & Dining
8713,Food & Dining
8714,Food & Dining
8715,Bills & Utilities
8716,Bills & Utilities
8717,Food & Dining
8718,Food & Dining
8719,Bills & Utilities
8720,Bills & Utilities
8721,Food & Dining
8722,Bills & Utilities
8723,Food & Dining
8724,Food & Dining
8725,Bills & Utilities
8726,Bills & Utilities
8727,Food & Dining
8728,Food & Dining
8729,Bills & Utilities
8730,Food & Dining
8731,Bills & Utilities
8732,Bills & Utilities
8733,Bills & Utilities
8734,Bills & Utilities
8735,Food & Dining
8736,Food & Dining
8737,Food & Dining
8738,Bills & Utilities
8739,Bills & Utilities
8740,Entertainment
8741,Bills & Utilities
8742,Bills & Utilities
8743,Bills & Utilities
8744,Entertainment
8745,Entertainment
8746,Bills & Utilities
8747,Entertainment
8748,Food & Dining
8749,Food & Dining
8750,Bills & Utilities
8751,Bills & Utilities
8752,Food & Dining
8753,Bills & Utilities
8754,Bills & Utilities
8755,Bills & Utilities
8756,Food & Dining
8757,Bills & Utilities
8758,Food & Dining
8759,Transportation
8760,Bills & Utilities
8761,Bills & Utilities
8762,Entertainment
8763,Transportation
8764,Food & Dining
8765,Bills & Utilities
8766,Bills & Utilities
8767,Bills & Utilities
8768,Bills & Utilities
8769,Food & Dining
8770,Bills & Utilities
8771,Bills & Utilities
8772,Food & Dining
8773,Food & Dining
8774,Food & Dining
8775,Food & Dining
8776,Food & Dining
8777,Bills & Utilities
8778,Food & Dining
8779,Bills & Utilities
8780,Food & Dining
8781,Bills & Utilities
8782,Entertainment
8783,Food & Dining
8784,Food & Dining
8785,Food & Dining
8786,Food & Dining
8787,Subscriptions
8788,Bills & Utilities
8789,Entertainment
8790,Bills & Utilities
8791,Bills & Utilities
8792,Bills & Utilities
8793,Bills & Utilities
8794,Food & Dining
8795,Bills & Utilities
8796,Food & Dining
8797,Food & Dining
8798,Entertainment
8799,Food & Dining
8800,Bills & Utilities
8801,Bills & Utilities
8802,Bills & Utilities
8803,Food & Dining
8804,Bills & Utilities
8805,Food & Dining
8806,Bills & Utilities
8807,Bills & Utilities
8808,Bills & Utilities
8809,Bills & Utilities
8810,Food & Dining
8811,Food & Dining
8812,Bills & Utilities
8813,Food & Dining
8814,Food & Dining
8815,Bills & Utilities
8816,Entertainment
8817,Bills & Utilities
8818,Food & Dining
8819,Bills & Utilities
8820,Entertainment
8821,Bills & Utilities
8822,Bills & Utilities
8823,Bills & Utilities
8824,Food & Dining
8825,Food & Dining
8826,Bills & Utilities
8827,Food & Dining
8828,Food & Dining
8829,Food & Dining
8830,Bills & Utilities
8831,Food & Dining
8832,Food & Dining
8833,Food & Dining
8834,Bills & Utilities
8835,Entertainment
8836,Bills & Utilities
8837,Food & Dining
8838,Shopping
8839,Bills & Utilities
8840,Bills & Utilities
8841,Entertainment
8842,Bills & Utilities
8843,Food & Dining
8844,Bills & Utilities
8845,Food & Dining
8846,Bills & Utilities
8847,Entertainment
8848,Bills & Utilities
8849,Bills & Utilities
8850,Bills & Utilities
8851,Bills & Utilities
8852,Food & Dining
8853,Bills & Utilities
8854,Food & Dining
8855,Food & Dining
8856,Bills & Utilities
8857,Bills & Utilities
8858,Entertainment
8859,Food & Dining
8860,Food & Dining
8861,Food & Dining
8862,Food & Dining
8863,Bills & Utilities
8864,Food & Dining
8865,Bills & Utilities
8866,Bills & Utilities
8867,Bills & Utilities
8868,Bills & Utilities
8869,Food & Dining
8870,Food & Dining
8871,Entertainment
8872,Bills & Utilities
8873,Bills & Utilities
8874,Bills & Utilities
8875,Bills & Utilities
8876,Bills & Utilities
8877,Bills & Utilities
8878,Food & Dining
8879,Bills & Utilities
8880,Food & Dining
8881,Bills & Utilities
8882,Bills & Utilities
8883,Food & Dining
8884,Bills & Utilities
8885,Bills & Utilities
8886,Bills & Utilities
8887,Bills & Utilities
8888,Food & Dining
8889,Bills & Utilities
8890,Bills & Utilities
8891,Bills & Utilities
8892,Food & Dining
8893,Food & Dining
8894,Bills & Utilities
8895,Food & Dining
8896,Food & Dining
8897,Food & Dining
8898,Bills & Utilities
8899,Food & Dining
8900,Food & Dining
8901,Bills & Utilities
8902,Entertainment
8903,Food & Dining
8904,Bills & Utilities
8905,Food & Dining
8906,Food & Dining
8907,Bills & Utilities
8908,Food & Dining
8909,Food & Dining
8910,Transportation
8911,Food & Dining
8912,Bills & Utilities
8913,Food & Dining
8914,Bills & Utilities
8915,Bills & Utilities
8916,Bills & Utilities
8917,Food & Dining
8918,Bills & Utilities
8919,Food & Dining
8920,Bills & Utilities
8921,Transportation
8922,Entertainment
8923,Bills & Utilities
8924,Food & Dining
8925,Entertainment
8926,Entertainment
8927,Bills & Utilities
8928,Bills & Utilities
8929,Food & Dining
8930,Food & Dining
8931,Bills & Utilities
8932,Bills & Utilities
8933,Food & Dining
8934,Bills & Utilities
8935,Bills & Utilities
8936,Bills & Utilities
8937,Food & Dining
8938,Bills & Utilities
8939,Bills & Utilities
8940,Entertainment
8941,Food & Dining
8942,Bills & Utilities
8943,Entertainment
8944,Food & Dining
8945,Food & Dining
8946,Bills & Utilities
8947,Food & Dining
8948,Bills & Utilities
8949,Bills & Utilities
8950,Entertainment
8951,Bills & Utilities
8952,Food & Dining
8953,Bills & Utilities
8954,Food & Dining
8955,Food & Dining
8956,Food & Dining
8957,Entertainment
8958,Food & Dining
8959,Bills & Utilities
8960,Bills & Utilities
8961,Entertainment
8962,Bills & Utilities
8963,Bills & Utilities
8964,Food & Dining
8965,Food & Dining
8966,Bills & Utilities
8967,Bills & Utilities
8968,Entertainment
8969,Food & Dining
8970,Bills & Utilities
8971,Bills & Utilities
8972,Bills & Utilities
8973,Bills & Utilities
8974,Food & Dining
8975,Bills & Utilities
8976,Food & Dining
8977,Bills & Utilities
8978,Shopping
8979,Food & Dining
8980,Bills & Utilities
8981,Food & Dining
8982,Food & Dining
8983,Bills & Utilities
8984,Bills & Utilities
8985,Bills & Utilities
8986,Food & Dining
8987,Bills & Utilities
8988,Food & Dining
8989,Entertainment
8990,Bills & Utilities
8991,Bills & Utilities
8992,Entertainment
8993,Bills & Utilities
8994,Bills & Utilities
8995,Bills & Utilities
8996,Bills & Utilities
8997,Entertainment
8998,Food & Dining
8999,Food & Dining
9000,Food & Dining
9001,Bills & Utilities
9002,Bills & Utilities
9003,Entertainment
9004,Bills & Utilities
9005,Food & Dining
9006,Bills & Utilities
9007,Bills & Utilities
9008,Food & Dining
9009,Bills & Utilities
9010,Food & Dining
9011,Food & Dining
9012,Food & Dining
9013,Food & Dining
9014,Bills & Utilities
9015,Food & Dining
9016,Food & Dining
9017,Bills & Utilities
9018,Bills & Utilities
9019,Bills & Utilities
9020,Bills & Utilities
9021,Bills & Utilities
9022,Bills & Utilities
9023,Entertainment
9024,Food & Dining
9025,Bills & Utilities
9026,Entertainment
9027,Bills & Utilities
9028,Food & Dining
9029,Food & Dining
9030,Bills & Utilities
9031,Bills & Utilities
9032,Bills & Utilities
9033,Food & Dining
9034,Entertainment
9035,Bills & Utilities
9036,Bills & Utilities
9037,Bills & Utilities
9038,Entertainment
9039,Bills & Utilities
9040,Bills & Utilities
9041,Bills & Utilities
9042,Bills & Utilities
9043,Food & Dining
9044,Bills & Utilities
9045,Bills & Utilities
9046,Entertainment
9047,Entertainment
9048,Bills & Utilities
9049,Bills & Utilities
9050,Bills & Utilities
9051,Bills & Utilities
9052,Bills & Utilities
9053,Food & Dining
9054,Bills & Utilities
9055,Bills & Utilities
9056,Food & Dining
9057,Bills & Utilities
9058,Bills & Utilities
9059,Bills & Utilities
9060,Food & Dining
9061,Food & Dining
9062,Bills & Utilities
9063,Bills & Utilities
9064,Food & Dining
9065,Bills & Utilities
9066,Food & Dining
9067,Bills & Utilities
9068,Entertainment
9069,Food & Dining
9070,Food & Dining
9071,Bills & Utilities
9072,Bills & Utilities
9073,Bills & Utilities
9074,Food & Dining
9075,Bills & Utilities
9076,Entertainment
9077,Food & Dining
9078,Bills & Utilities
9079,Entertainment
9080,Bills & Utilities
9081,Bills & Utilities
9082,Food & Dining
9083,Food & Dining
9084,Food & Dining
9085,Food & Dining
9086,Bills & Utilities
9087,Entertainment
9088,Bills & Utilities
9089,Entertainment
9090,Bills & Utilities
9091,Bills & Utilities
9092,Bills & Utilities
9093,Food & Dining
9094,Food & Dining
9095,Food & Dining
9096,Bills & Utilities
9097,Bills & Utilities
9098,Food & Dining
9099,Bills & Utilities
9100,Bills & Utilities
9101,Bills & Utilities
9102,Food & Dining
9103,Food & Dining
9104,Transportation
9105,Bills & Utilities
9106,Bills & Utilities
9107,Food & Dining
9108,Food & Dining
9109,Bills & Utilities
9110,Food & Dining
9111,Food & Dining
9112,Bills & Utilities
9113,Food & Dining
9114,Bills & Utilities
9115,Bills & Utilities
9116,Bills & Utilities
9117,Food & Dining
9118,Food & Dining
9119,Food & Dining
9120,Bills & Utilities
9121,Bills & Utilities
9122,Bills & Utilities
9123,Food & Dining
9124,Bills & Utilities
9125,Entertainment
9126,Food & Dining
9127,Food & Dining
9128,Bills & Utilities
9129,Food & Dining
9130,Food & Dining
9131,Bills & Utilities
9132,Bills & Utilities
9133,Food & Dining
9134,Food & Dining
9135,Entertainment
9136,Bills & Utilities
9137,Bills & Utilities
9138,Bills & Utilities
9139,Bills & Utilities
9140,Entertainment
9141,Food & Dining
9142,Bills & Utilities
9143,Food & Dining
9144,Food & Dining
9145,Food & Dining
9146,Food & Dining
9147,Transportation
9148,Entertainment
9149,Bills & Utilities
9150,Bills & Utilities
9151,Bills & Utilities
9152,Bills & Utilities
9153,Entertainment
9154,Food & Dining
9155,Bills & Utilities
9156,Bills & Utilities
9157,Bills & Utilities
9158,Bills & Utilities
9159,Bills & Utilities
9160,Bills & Utilities
9161,Entertainment
9162,Food & Dining
9163,Food & Dining
9164,Bills & Utilities
9165,Entertainment
9166,Bills & Utilities
9167,Food & Dining
9168,Bills & Utilities
9169,Bills & Utilities
9170,Food & Dining
9171,Bills & Utilities
9172,Bills & Utilities
9173,Entertainment
9174,Bills & Utilities
9175,Bills & Utilities
9176,Food & Dining
9177,Transportation
9178,Bills & Utilities
9179,Food & Dining
9180,Entertainment
9181,Bills & Utilities
9182,Entertainment
9183,Bills & Utilities
9184,Food & Dining
9185,Entertainment
9186,Food & Dining
9187,Food & Dining
9188,Food & Dining
9189,Bills & Utilities
9190,Bills & Utilities
9191,Bills & Utilities
9192,Entertainment
9193,Bills & Utilities
9194,Entertainment
9195,Food & Dining
9196,Food & Dining
9197,Bills & Utilities
9198,Food & Dining
9199,Bills & Utilities
9200,Bills & Utilities
9201,Food & Dining
9202,Bills & Utilities
9203,Bills & Utilities
9204,Entertainment
9205,Entertainment
9206,Bills & Utilities
9207,Bills & Utilities
9208,Bills & Utilities
9209,Bills & Utilities
9210,Bills & Utilities
9211,Bills & Utilities
9212,Entertainment
9213,Bills & Utilities
9214,Bills & Utilities
9215,Bills & Utilities
9216,Food & Dining
9217,Bills & Utilities
9218,Bills & Utilities
9219,Bills & Utilities
9220,Bills & Utilities
9221,Bills & Utilities
9222,Bills & Utilities
9223,Food & Dining
9224,Entertainment
9225,Food & Dining
9226,Bills & Utilities
9227,Food & Dining
9228,Transportation
9229,Food & Dining
9230,Food & Dining
9231,Entertainment
9232,Entertainment
9233,Bills & Utilities
9234,Entertainment
9235,Bills & Utilities
9236,Food & Dining
9237,Food & Dining
9238,Entertainment
9239,Bills & Utilities
9240,Bills & Utilities
9241,Bills & Utilities
9242,Entertainment
9243,Bills & Utilities
9244,Food & Dining
9245,Transportation
9246,Bills & Utilities
9247,Food & Dining
9248,Entertainment
9249,Transportation
9250,Bills & Utilities
9251,Food & Dining
9252,Bills & Utilities
9253,Bills & Utilities
9254,Bills & Utilities
9255,Food & Dining
9256,Bills & Utilities
9257,Food & Dining
9258,Bills & Utilities
9259,Bills & Utilities
9260,Bills & Utilities
9261,Food & Dining
9262,Bills & Utilities
9263,Bills & Utilities
9264,Food & Dining
9265,Bills & Utilities
9266,Bills & Utilities
9267,Food & Dining
9268,Food & Dining
9269,Bills & Utilities
9270,Bills & Utilities
9271,Bills & Utilities
9272,Food & Dining
9273,Bills & Utilities
9274,Bills & Utilities
9275,Food & Dining
9276,Food & Dining
9277,Entertainment
9278,Bills & Utilities
9279,Entertainment
9280,Transportation
9281,Entertainment
9282,Bills & Utilities
9283,Bills & Utilities
9284,Transportation
9285,Bills & Utilities
9286,Bills & Utilities
9287,Bills & Utilities
9288,Bills & Utilities
9289,Bills & Utilities
9290,Entertainment
9291,Bills & Utilities
9292,Food & Dining
9293,Food & Dining
9294,Bills & Utilities
9295,Food & Dining
9296,Food & Dining
9297,Bills & Utilities
9298,Bills & Utilities
9299,Bills & Utilities
9300,Food & Dining
9301,Food & Dining
9302,Bills & Utilities
9303,Bills & Utilities
9304,Bills & Utilities
9305,Bills & Utilities
9306,Bills & Utilities
9307,Food & Dining
9308,Food & Dining
9309,Bills & Utilities
9310,Bills & Utilities
9311,Entertainment
9312,Food & Dining
9313,Food & Dining
9314,Food & Dining
9315,Entertainment
9316,Bills & Utilities
9317,Food & Dining
9318,Food & Dining
9319,Bills & Utilities
9320,Food & Dining
9321,Bills & Utilities
9322,Food & Dining
9323,Food & Dining
9324,Food & Dining
9325,Food & Dining
9326,Bills & Utilities
9327,Bills & Utilities
9328,Food & Dining
9329,Bills & Utilities
9330,Bills & Utilities
9331,Bills & Utilities
9332,Bills & Utilities
9333,Food & Dining
9334,Bills & Utilities
9335,Food & Dining
9336,Entertainment
9337,Food & Dining
9338,Bills & Utilities
9339,Bills & Utilities
9340,Food & Dining
9341,Food & Dining
9342,Bills & Utilities
9343,Food & Dining
9344,Bills & Utilities
9345,Food & Dining
9346,Bills & Utilities
9347,Entertainment
9348,Food & Dining
9349,Bills & Utilities
9350,Bills & Utilities
9351,Food & Dining
9352,Entertainment
9353,Entertainment
9354,Bills & Utilities
9355,Food & Dining
9356,Bills & Utilities
9357,Bills & Utilities
9358,Entertainment
9359,Bills & Utilities
9360,Bills & Utilities
9361,Bills & Utilities
9362,Bills & Utilities
9363,Bills & Utilities
9364,Bills & Utilities
9365,Food & Dining
9366,Food & Dining
9367,Entertainment
9368,Bills & Utilities
9369,Bills & Utilities
9370,Bills & Utilities
9371,Bills & Utilities
9372,Bills & Utilities
9373,Bills & Utilities
9374,Bills & Utilities
9375,Bills & Utilities
9376,Bills & Utilities
9377,Bills & Utilities
9378,Food & Dining
9379,Bills & Utilities
9380,Food & Dining
9381,Bills & Utilities
9382,Food & Dining
9383,Food & Dining
9384,Bills & Utilities
9385,Bills & Utilities
9386,Bills & Utilities
9387,Bills & Utilities
9388,Bills & Utilities
9389,Food & Dining
9390,Bills & Utilities
9391,Entertainment
9392,Bills & Utilities
9393,Food & Dining
9394,Bills & Utilities
9395,Bills & Utilities
9396,Bills & Utilities
9397,Bills & Utilities
9398,Bills & Utilities
9399,Food & Dining
9400,Food & Dining
9401,Food & Dining
9402,Food & Dining
9403,Bills & Utilities
9404,Entertainment
9405,Entertainment
9406,Bills & Utilities
9407,Bills & Utilities
9408,Food & Dining
9409,Bills & Utilities
9410,Food & Dining
9411,Bills & Utilities
9412,Entertainment
9413,Entertainment
9414,Food & Dining
9415,Food & Dining
9416,Food & Dining
9417,Food & Dining
9418,Entertainment
9419,Food & Dining
9420,Entertainment
9421,Bills & Utilities
9422,Bills & Utilities
9423,Bills & Utilities
9424,Food & Dining
9425,Bills & Utilities
9426,Food & Dining
9427,Bills & Utilities
9428,Bills & Utilities
9429,Bills & Utilities
9430,Bills & Utilities
9431,Shopping
9432,Food & Dining
9433,Food & Dining
9434,Bills & Utilities
9435,Food & Dining
9436,Bills & Utilities
9437,Bills & Utilities
9438,Bills & Utilities
9439,Food & Dining
9440,Food & Dining
9441,Food & Dining
9442,Bills & Utilities
9443,Food & Dining
9444,Bills & Utilities
9445,Food & Dining
9446,Entertainment
9447,Bills & Utilities
9448,Food & Dining
9449,Food & Dining
9450,Food & Dining
9451,Entertainment
9452,Food & Dining
9453,Bills & Utilities
9454,Bills & Utilities
9455,Food & Dining
9456,Bills & Utilities
9457,Food & Dining
9458,Food & Dining
9459,Entertainment
9460,Bills & Utilities
9461,Bills & Utilities
9462,Bills & Utilities
9463,Bills & Utilities
9464,Bills & Utilities
9465,Bills & Utilities
9466,Food & Dining
9467,Food & Dining
9468,Food & Dining
9469,Bills & Utilities
9470,Bills & Utilities
9471,Bills & Utilities
9472,Bills & Utilities
9473,Food & Dining
9474,Bills & Utilities
9475,Bills & Utilities
9476,Bills & Utilities
9477,Bills & Utilities
9478,Food & Dining
9479,Shopping
9480,Bills & Utilities
9481,Bills & Utilities
9482,Food & Dining
9483,Bills & Utilities
9484,Bills & Utilities
9485,Bills & Utilities
9486,Food & Dining
9487,Bills & Utilities
9488,Bills & Utilities
9489,Bills & Utilities
9490,Food & Dining
9491,Food & Dining
9492,Food & Dining
9493,Food & Dining
9494,Entertainment
9495,Bills & Utilities
9496,Bills & Utilities
9497,Bills & Utilities
9498,Food & Dining
9499,Bills & Utilities
9500,Food & Dining
9501,Bills & Utilities
9502,Bills & Utilities
9503,Food & Dining
9504,Bills & Utilities
9505,Entertainment
9506,Bills & Utilities
9507,Bills & Utilities
9508,Entertainment
9509,Bills & Utilities
9510,Bills & Utilities
9511,Food & Dining
9512,Food & Dining
9513,Bills & Utilities
9514,Bills & Utilities
9515,Bills & Utilities
9516,Bills & Utilities
9517,Food & Dining
9518,Food & Dining
9519,Bills & Utilities
9520,Food & Dining
9521,Entertainment
9522,Bills & Utilities
9523,Food & Dining
9524,Bills & Utilities
9525,Bills & Utilities
9526,Bills & Utilities
9527,Shopping
9528,Bills & Utilities
9529,Entertainment
9530,Bills & Utilities
9531,Bills & Utilities
9532,Bills & Utilities
9533,Food & Dining
9534,Bills & Utilities
9535,Food & Dining
9536,Food & Dining
9537,Bills & Utilities
9538,Bills & Utilities
9539,Bills & Utilities
9540,Bills & Utilities
9541,Entertainment
9542,Bills & Utilities
9543,Bills & Utilities
9544,Bills & Utilities
9545,Bills & Utilities
9546,Bills & Utilities
9547,Bills & Utilities
9548,Bills & Utilities
9549,Food & Dining
9550,Food & Dining
9551,Entertainment
9552,Bills & Utilities
9553,Entertainment
9554,Bills & Utilities
9555,Food & Dining
9556,Bills & Utilities
9557,Shopping
9558,Bills & Utilities
9559,Bills & Utilities
9560,Bills & Utilities
9561,Bills & Utilities
9562,Food & Dining
9563,Bills & Utilities
9564,Food & Dining
9565,Bills & Utilities
9566,Bills & Utilities
9567,Food & Dining
9568,Bills & Utilities
9569,Food & Dining
9570,Bills & Utilities
9571,Bills & Utilities
9572,Food & Dining
9573,Food & Dining
9574,Food & Dining
9575,Bills & Utilities
9576,Bills & Utilities
9577,Food & Dining
9578,Bills & Utilities
9579,Entertainment
9580,Entertainment
9581,Bills & Utilities
9582,Bills & Utilities
9583,Bills & Utilities
9584,Subscriptions
9585,Food & Dining
9586,Bills & Utilities
9587,Food & Dining
9588,Food & Dining
9589,Bills & Utilities
9590,Food & Dining
9591,Bills & Utilities
9592,Food & Dining
9593,Bills & Utilities
9594,Bills & Utilities
9595,Bills & Utilities
9596,Bills & Utilities
9597,Bills & Utilities
9598,Bills & Utilities
9599,Food & Dining
9600,Food & Dining
9601,Bills & Utilities
9602,Entertainment
9603,Bills & Utilities
9604,Bills & Utilities
9605,Food & Dining
9606,Bills & Utilities
9607,Bills & Utilities
9608,Bills & Utilities
9609,Bills & Utilities
9610,Bills & Utilities
9611,Food & Dining
9612,Bills & Utilities
9613,Food & Dining
9614,Bills & Utilities
9615,Food & Dining
9616,Food & Dining
9617,Bills & Utilities
9618,Bills & Utilities
9619,Bills & Utilities
9620,Entertainment
9621,Food & Dining
9622,Entertainment
9623,Bills & Utilities
9624,Food & Dining
9625,Food & Dining
9626,Food & Dining
9627,Bills & Utilities
9628,Bills & Utilities
9629,Entertainment
9630,Bills & Utilities
9631,Bills & Utilities
9632,Bills & Utilities
9633,Bills & Utilities
9634,Bills & Utilities
9635,Bills & Utilities
9636,Food & Dining
9637,Bills & Utilities
9638,Food & Dining
9639,Bills & Utilities
9640,Bills & Utilities
9641,Bills & Utilities
9642,Food & Dining
9643,Bills & Utilities
9644,Bills & Utilities
9645,Entertainment
9646,Bills & Utilities
9647,Entertainment
9648,Bills & Utilities
9649,Food & Dining
9650,Bills & Utilities
9651,Food & Dining
9652,Food & Dining
9653,Food & Dining
9654,Bills & Utilities
9655,Food & Dining
9656,Bills & Utilities
9657,Food & Dining
9658,Bills & Utilities
9659,Bills & Utilities
9660,Bills & Utilities
9661,Bills & Utilities
9662,Food & Dining
9663,Bills & Utilities
9664,Entertainment
9665,Food & Dining
9666,Bills & Utilities
9667,Bills & Utilities
9668,Bills & Utilities
9669,Bills & Utilities
9670,Bills & Utilities
9671,Food & Dining
9672,Food & Dining
9673,Entertainment
9674,Bills & Utilities
9675,Bills & Utilities
9676,Bills & Utilities
9677,Bills & Utilities
9678,Bills & Utilities
9679,Entertainment
9680,Food & Dining
9681,Entertainment
9682,Bills & Utilities
9683,Bills & Utilities
9684,Bills & Utilities
9685,Food & Dining
9686,Bills & Utilities
9687,Bills & Utilities
9688,Transportation
9689,Bills & Utilities
9690,Bills & Utilities
9691,Bills & Utilities
9692,Bills & Utilities
9693,Food & Dining
9694,Bills & Utilities
9695,Bills & Utilities
9696,Entertainment
9697,Food & Dining
9698,Bills & Utilities
9699,Bills & Utilities
9700,Bills & Utilities
9701,Food & Dining
9702,Bills & Utilities
9703,Entertainment
9704,Bills & Utilities
9705,Bills & Utilities
9706,Bills & Utilities
9707,Bills & Utilities
9708,Bills & Utilities
9709,Food & Dining
9710,Food & Dining
9711,Bills & Utilities
9712,Bills & Utilities
9713,Bills & Utilities
9714,Food & Dining
9715,Bills & Utilities
9716,Bills & Utilities
9717,Bills & Utilities
9718,Food & Dining
9719,Bills & Utilities
9720,Bills & Utilities
9721,Entertainment
9722,Food & Dining
9723,Entertainment
9724,Food & Dining
9725,Bills & Utilities
9726,Bills & Utilities
9727,Food & Dining
9728,Bills & Utilities
9729,Bills & Utilities
9730,Bills & Utilities
9731,Bills & Utilities
9732,Food & Dining
9733,Bills & Utilities
9734,Bills & Utilities
9735,Bills & Utilities
9736,Bills & Utilities
9737,Entertainment
9738,Food & Dining
9739,Bills & Utilities
9740,Food & Dining
9741,Bills & Utilities
9742,Bills & Utilities
9743,Bills & Utilities
9744,Bills & Utilities
9745,Food & Dining
9746,Subscriptions
9747,Bills & Utilities
9748,Bills & Utilities
9749,Bills & Utilities
9750,Bills & Utilities
9751,Bills & Utilities
9752,Bills & Utilities
9753,Bills & Utilities
9754,Food & Dining
9755,Transportation
9756,Bills & Utilities
9757,Bills & Utilities
9758,Bills & Utilities
9759,Bills & Utilities
9760,Food & Dining
9761,Food & Dining
9762,Bills & Utilities
9763,Food & Dining
9764,Food & Dining
9765,Bills & Utilities
9766,Food & Dining
9767,Bills & Utilities
9768,Bills & Utilities
9769,Food & Dining
9770,Food & Dining
9771,Transportation
9772,Bills & Utilities
9773,Entertainment
9774,Bills & Utilities
9775,Bills & Utilities
9776,Bills & Utilities
9777,Bills & Utilities
9778,Food & Dining
9779,Entertainment
9780,Food & Dining
9781,Bills & Utilities
9782,Entertainment
9783,Bills & Utilities
9784,Entertainment
9785,Bills & Utilities
9786,Entertainment
9787,Food & Dining
9788,Bills & Utilities
9789,Bills & Utilities
9790,Food & Dining
9791,Food & Dining
9792,Food & Dining
9793,Bills & Utilities
9794,Food & Dining
9795,Entertainment
9796,Bills & Utilities
9797,Bills & Utilities
9798,Food & Dining
9799,Food & Dining
9800,Food & Dining
9801,Bills & Utilities
9802,Bills & Utilities
9803,Food & Dining
9804,Bills & Utilities
9805,Bills & Utilities
9806,Food & Dining
9807,Bills & Utilities
9808,Bills & Utilities
9809,Bills & Utilities
9810,Food & Dining
9811,Bills & Utilities
9812,Bills & Utilities
9813,Entertainment
9814,Bills & Utilities
9815,Bills & Utilities
9816,Bills & Utilities
9817,Bills & Utilities
9818,Food & Dining
9819,Bills & Utilities
9820,Food & Dining
9821,Food & Dining
9822,Bills & Utilities
9823,Entertainment
9824,Transportation
9825,Bills & Utilities
9826,Food & Dining
9827,Food & Dining
9828,Bills & Utilities
9829,Bills & Utilities
9830,Bills & Utilities
9831,Entertainment
9832,Bills & Utilities
9833,Bills & Utilities
9834,Entertainment
9835,Food & Dining
9836,Bills & Utilities
9837,Food & Dining
9838,Bills & Utilities
9839,Food & Dining
9840,Food & Dining
9841,Shopping
9842,Transportation
9843,Bills & Utilities
9844,Bills & Utilities
9845,Bills & Utilities
9846,Bills & Utilities
9847,Entertainment
9848,Bills & Utilities
9849,Food & Dining
9850,Food & Dining
9851,Entertainment
9852,Bills & Utilities
9853,Food & Dining
9854,Entertainment
9855,Bills & Utilities
9856,Food & Dining
9857,Bills & Utilities
9858,Entertainment
9859,Food & Dining
9860,Entertainment
9861,Transportation
9862,Bills & Utilities
9863,Bills & Utilities
9864,Bills & Utilities
9865,Bills & Utilities
9866,Subscriptions
9867,Bills & Utilities
9868,Food & Dining
9869,Bills & Utilities
9870,Bills & Utilities
9871,Food & Dining
9872,Bills & Utilities
9873,Bills & Utilities
9874,Food & Dining
9875,Bills & Utilities
9876,Food & Dining
9877,Food & Dining
9878,Bills & Utilities
9879,Food & Dining
9880,Bills & Utilities
9881,Food & Dining
9882,Food & Dining
9883,Entertainment
9884,Bills & Utilities
9885,Food & Dining
9886,Bills & Utilities
9887,Bills & Utilities
9888,Food & Dining
9889,Bills & Utilities
9890,Entertainment
9891,Food & Dining
9892,Food & Dining
9893,Transportation
9894,Bills & Utilities
9895,Food & Dining
9896,Bills & Utilities
9897,Bills & Utilities
9898,Food & Dining
9899,Bills & Utilities
9900,Food & Dining
9901,Food & Dining
9902,Shopping
9903,Bills & Utilities
9904,Food & Dining
9905,Food & Dining
9906,Food & Dining
9907,Food & Dining
9908,Food & Dining
9909,Bills & Utilities
9910,Transportation
9911,Bills & Utilities
9912,Entertainment
9913,Food & Dining
9914,Bills & Utilities
9915,Food & Dining
9916,Bills & Utilities
9917,Food & Dining
9918,Bills & Utilities
9919,Bills & Utilities
9920,Food & Dining
9921,Bills & Utilities
9922,Food & Dining
9923,Bills & Utilities
9924,Bills & Utilities
9925,Food & Dining
9926,Entertainment
9927,Bills & Utilities
9928,Bills & Utilities
9929,Bills & Utilities
9930,Bills & Utilities
9931,Food & Dining
9932,Bills & Utilities
9933,Bills & Utilities
9934,Bills & Utilities
9935,Food & Dining
9936,Food & Dining
9937,Bills & Utilities
9938,Bills & Utilities
9939,Bills & Utilities
9940,Entertainment
9941,Bills & Utilities
9942,Bills & Utilities
9943,Entertainment
9944,Bills & Utilities
9945,Bills & Utilities
9946,Food & Dining
9947,Bills & Utilities
9948,Food & Dining
9949,Entertainment
9950,Food & Dining
9951,Bills & Utilities
9952,Entertainment
9953,Entertainment
9954,Bills & Utilities
9955,Food & Dining
9956,Bills & Utilities
9957,Bills & Utilities
9958,Bills & Utilities
9959,Food & Dining
9960,Food & Dining
9961,Food & Dining
9962,Bills & Utilities
9963,Subscriptions
9964,Bills & Utilities
9965,Bills & Utilities
9966,Food & Dining
9967,Food & Dining
9968,Bills & Utilities
9969,Bills & Utilities
9970,Food & Dining
9971,Food & Dining
9972,Bills & Utilities
9973,Entertainment
9974,Food & Dining
9975,Food & Dining
9976,Bills & Utilities
9977,Bills & Utilities
9978,Bills & Utilities
9979,Bills & Utilities
9980,Bills & Utilities
9981,Bills & Utilities
9982,Food & Dining
9983,Food & Dining
9984,Bills & Utilities
9985,Bills & Utilities
9986,Bills & Utilities
9987,Bills & Utilities
9988,Food & Dining
9989,Bills & Utilities
9990,Bills & Utilities
9991,Bills & Utilities
9992,Food & Dining
9993,Bills & Utilities
9994,Subscriptions
9995,Bills & Utilities
9996,Food & Dining
9997,Bills & Utilities
9998,Bills & Utilities
9999,Bills & Utilities
10000,Transportation
10001,Bills & Utilities
10002,Bills & Utilities
10003,Bills & Utilities
10004,Food & Dining
10005,Bills & Utilities
10006,Bills & Utilities
10007,Bills & Utilities
10008,Food & Dining
10009,Bills & Utilities
10010,Entertainment
10011,Bills & Utilities
10012,Bills & Utilities
10013,Food & Dining
10014,Bills & Utilities
10015,Food & Dining
10016,Food & Dining
10017,Bills & Utilities
10018,Bills & Utilities
10019,Food & Dining
10020,Transportation
10021,Bills & Utilities
10022,Food & Dining
10023,Bills & Utilities
10024,Food & Dining
10025,Bills & Utilities
10026,Bills & Utilities
10027,Bills & Utilities
10028,Bills & Utilities
10029,Transportation
10030,Entertainment
10031,Bills & Utilities
10032,Bills & Utilities
10033,Bills & Utilities
10034,Bills & Utilities
10035,Food & Dining
10036,Entertainment
10037,Food & Dining
10038,Food & Dining
10039,Bills & Utilities
10040,Entertainment
10041,Bills & Utilities
10042,Bills & Utilities
10043,Bills & Utilities
10044,Food & Dining
10045,Food & Dining
10046,Food & Dining
10047,Entertainment
10048,Bills & Utilities
10049,Bills & Utilities
10050,Bills & Utilities
10051,Bills & Utilities
10052,Food & Dining
10053,Bills & Utilities
10054,Bills & Utilities
10055,Bills & Utilities
10056,Bills & Utilities
10057,Bills & Utilities
10058,Bills & Utilities
10059,Bills & Utilities
10060,Bills & Utilities
10061,Food & Dining
10062,Food & Dining
10063,Entertainment
10064,Bills & Utilities
10065,Bills & Utilities
10066,Food & Dining
10067,Bills & Utilities
10068,Food & Dining
10069,Food & Dining
10070,Bills & Utilities
10071,Bills & Utilities
10072,Bills & Utilities
10073,Bills & Utilities
10074,Food & Dining
10075,Bills & Utilities
10076,Bills & Utilities
10077,Bills & Utilities
10078,Food & Dining
10079,Bills & Utilities
10080,Bills & Utilities
10081,Bills & Utilities
10082,Food & Dining
10083,Bills & Utilities
10084,Bills & Utilities
10085,Food & Dining
10086,Bills & Utilities
10087,Bills & Utilities
10088,Bills & Utilities
10089,Food & Dining
10090,Entertainment
10091,Food & Dining
10092,Bills & Utilities
10093,Food & Dining
10094,Bills & Utilities
10095,Bills & Utilities
10096,Bills & Utilities
10097,Bills & Utilities
10098,Bills & Utilities
10099,Food & Dining
10100,Bills & Utilities
10101,Bills & Utilities
10102,Bills & Utilities
10103,Entertainment
10104,Food & Dining
10105,Bills & Utilities
10106,Bills & Utilities
10107,Bills & Utilities
10108,Food & Dining
10109,Bills & Utilities
10110,Food & Dining
10111,Shopping
10112,Food & Dining
10113,Bills & Utilities
10114,Bills & Utilities
10115,Bills & Utilities
10116,Bills & Utilities
10117,Bills & Utilities
10118,Bills & Utilities
10119,Bills & Utilities
10120,Bills & Utilities
10121,Food & Dining
10122,Food & Dining
10123,Bills & Utilities
10124,Bills & Utilities
10125,Bills & Utilities
10126,Food & Dining
10127,Food & Dining
10128,Bills & Utilities
10129,Bills & Utilities
10130,Bills & Utilities
10131,Bills & Utilities
10132,Food & Dining
10133,Bills & Utilities
10134,Bills & Utilities
10135,Food & Dining
10136,Food & Dining
10137,Bills & Utilities
10138,Bills & Utilities
10139,Food & Dining
10140,Bills & Utilities
10141,Food & Dining
10142,Bills & Utilities
10143,Entertainment
10144,Food & Dining
10145,Shopping
10146,Bills & Utilities
10147,Food & Dining
10148,Food & Dining
10149,Bills & Utilities
10150,Bills & Utilities
10151,Bills & Utilities
10152,Bills & Utilities
10153,Bills & Utilities
10154,Bills & Utilities
10155,Bills & Utilities
10156,Bills & Utilities
10157,Entertainment
10158,Transportation
10159,Food & Dining
10160,Bills & Utilities
10161,Food & Dining
10162,Bills & Utilities
10163,Bills & Utilities
10164,Entertainment
10165,Entertainment
10166,Food & Dining
10167,Bills & Utilities
10168,Food & Dining
10169,Bills & Utilities
10170,Food & Dining
10171,Bills & Utilities
10172,Food & Dining
10173,Food & Dining
10174,Bills & Utilities
10175,Bills & Utilities
10176,Food & Dining
10177,Bills & Utilities
10178,Food & Dining
10179,Food & Dining
10180,Bills & Utilities
10181,Bills & Utilities
10182,Bills & Utilities
10183,Bills & Utilities
10184,Entertainment
10185,Food & Dining
10186,Food & Dining
10187,Entertainment
10188,Bills & Utilities
10189,Bills & Utilities
10190,Entertainment
10191,Bills & Utilities
10192,Bills & Utilities
10193,Food & Dining
10194,Food & Dining
10195,Food & Dining
10196,Bills & Utilities
10197,Food & Dining
10198,Bills & Utilities
10199,Entertainment
10200,Bills & Utilities
10201,Food & Dining
10202,Bills & Utilities
10203,Entertainment
10204,Bills & Utilities
10205,Bills & Utilities
10206,Food & Dining
10207,Bills & Utilities
10208,Bills & Utilities
10209,Bills & Utilities
10210,Food & Dining
10211,Food & Dining
10212,Bills & Utilities
10213,Food & Dining
10214,Bills & Utilities
10215,Food & Dining
10216,Food & Dining
10217,Bills & Utilities
10218,Bills & Utilities
10219,Food & Dining
10220,Food & Dining
10221,Bills & Utilities
10222,Bills & Utilities
10223,Food & Dining
10224,Food & Dining
10225,Bills & Utilities
10226,Bills & Utilities
10227,Bills & Utilities
10228,Food & Dining
10229,Bills & Utilities
10230,Food & Dining
10231,Entertainment
10232,Bills & Utilities
10233,Bills & Utilities
10234,Bills & Utilities
10235,Food & Dining
10236,Entertainment
10237,Food & Dining
10238,Food & Dining
10239,Bills & Utilities
10240,Bills & Utilities
10241,Bills & Utilities
10242,Transportation
10243,Bills & Utilities
10244,Food & Dining
10245,Transportation
10246,Bills & Utilities
10247,Food & Dining
10248,Food & Dining
10249,Entertainment
10250,Bills & Utilities
10251,Food & Dining
10252,Food & Dining
10253,Bills & Utilities
10254,Bills & Utilities
10255,Entertainment
10256,Food & Dining
10257,Subscriptions
10258,Bills & Utilities
10259,Bills & Utilities
10260,Food & Dining
10261,Food & Dining
10262,Shopping
10263,Bills & Utilities
10264,Entertainment
10265,Shopping
10266,Entertainment
10267,Food & Dining
10268,Bills & Utilities
10269,Bills & Utilities
10270,Bills & Utilities
10271,Bills & Utilities
10272,Bills & Utilities
10273,Bills & Utilities
10274,Bills & Utilities
10275,Entertainment
10276,Food & Dining
10277,Food & Dining
10278,Food & Dining
10279,Food & Dining
10280,Bills & Utilities
10281,Food & Dining
10282,Food & Dining
10283,Food & Dining
10284,Food & Dining
10285,Bills & Utilities
10286,Food & Dining
10287,Bills & Utilities
10288,Food & Dining
10289,Bills & Utilities
10290,Bills & Utilities
10291,Entertainment
10292,Food & Dining
10293,Food & Dining
10294,Bills & Utilities
10295,Bills & Utilities
10296,Bills & Utilities
10297,Bills & Utilities
10298,Bills & Utilities
10299,Bills & Utilities
10300,Bills & Utilities
10301,Bills & Utilities
10302,Bills & Utilities
10303,Bills & Utilities
10304,Food & Dining
10305,Entertainment
10306,Food & Dining
10307,Bills & Utilities
10308,Entertainment
10309,Bills & Utilities
10310,Bills & Utilities
10311,Bills & Utilities
10312,Bills & Utilities
10313,Food & Dining
10314,Bills & Utilities
10315,Food & Dining
10316,Bills & Utilities
10317,Bills & Utilities
10318,Bills & Utilities
10319,Food & Dining
10320,Bills & Utilities
10321,Bills & Utilities
10322,Bills & Utilities
10323,Bills & Utilities
10324,Bills & Utilities
10325,Bills & Utilities
10326,Food & Dining
10327,Bills & Utilities
10328,Bills & Utilities
10329,Food & Dining
10330,Food & Dining
10331,Food & Dining
10332,Food & Dining
10333,Bills & Utilities
10334,Bills & Utilities
10335,Bills & Utilities
10336,Food & Dining
10337,Bills & Utilities
10338,Bills & Utilities
10339,Bills & Utilities
10340,Entertainment
10341,Entertainment
10342,Bills & Utilities
10343,Bills & Utilities
10344,Food & Dining
10345,Bills & Utilities
10346,Food & Dining
10347,Bills & Utilities
10348,Food & Dining
10349,Bills & Utilities
10350,Bills & Utilities
10351,Bills & Utilities
10352,Bills & Utilities
10353,Food & Dining
10354,Bills & Utilities
10355,Bills & Utilities
10356,Entertainment
10357,Bills & Utilities
10358,Food & Dining
10359,Bills & Utilities
10360,Entertainment
10361,Bills & Utilities
10362,Bills & Utilities
10363,Food & Dining
10364,Bills & Utilities
10365,Entertainment
10366,Bills & Utilities
10367,Bills & Utilities
10368,Food & Dining
10369,Entertainment
10370,Food & Dining
10371,Entertainment
10372,Bills & Utilities
10373,Bills & Utilities
10374,Food & Dining
10375,Food & Dining
10376,Bills & Utilities
10377,Bills & Utilities
10378,Bills & Utilities
10379,Bills & Utilities
10380,Bills & Utilities
10381,Food & Dining
10382,Food & Dining
10383,Bills & Utilities
10384,Bills & Utilities
10385,Bills & Utilities
10386,Food & Dining
10387,Bills & Utilities
10388,Bills & Utilities
10389,Bills & Utilities
10390,Food & Dining
10391,Bills & Utilities
10392,Food & Dining
10393,Food & Dining
10394,Bills & Utilities
10395,Food & Dining
10396,Bills & Utilities
10397,Bills & Utilities
10398,Bills & Utilities
10399,Food & Dining
10400,Food & Dining
10401,Bills & Utilities
10402,Transportation
10403,Bills & Utilities
10404,Food & Dining
10405,Bills & Utilities
10406,Entertainment
10407,Food & Dining
10408,Bills & Utilities
10409,Food & Dining
10410,Food & Dining
10411,Bills & Utilities
10412,Bills & Utilities
10413,Food & Dining
10414,Bills & Utilities
10415,Food & Dining
10416,Food & Dining
10417,Bills & Utilities
10418,Food & Dining
10419,Bills & Utilities
10420,Bills & Utilities
10421,Shopping
10422,Entertainment
10423,Bills & Utilities
10424,Bills & Utilities
10425,Bills & Utilities
10426,Bills & Utilities
10427,Bills & Utilities
10428,Entertainment
10429,Food & Dining
10430,Food & Dining
10431,Food & Dining
10432,Shopping
10433,Food & Dining
10434,Bills & Utilities
10435,Food & Dining
10436,Bills & Utilities
10437,Entertainment
10438,Bills & Utilities
10439,Bills & Utilities
10440,Food & Dining
10441,Bills & Utilities
10442,Food & Dining
10443,Bills & Utilities
10444,Entertainment
10445,Food & Dining
10446,Food & Dining
10447,Entertainment
10448,Food & Dining
10449,Bills & Utilities
10450,Food & Dining
10451,Bills & Utilities
10452,Bills & Utilities
10453,Food & Dining
10454,Food & Dining
10455,Bills & Utilities
10456,Food & Dining
10457,Bills & Utilities
10458,Entertainment
10459,Entertainment
10460,Bills & Utilities
10461,Food & Dining
10462,Food & Dining
10463,Bills & Utilities
10464,Food & Dining
10465,Bills & Utilities
10466,Food & Dining
10467,Food & Dining
10468,Bills & Utilities
10469,Entertainment
10470,Bills & Utilities
10471,Food & Dining
10472,Food & Dining
10473,Food & Dining
10474,Bills & Utilities
10475,Food & Dining
10476,Food & Dining
10477,Food & Dining
10478,Food & Dining
10479,Bills & Utilities
10480,Food & Dining
10481,Bills & Utilities
10482,Food & Dining
10483,Food & Dining
10484,Food & Dining
10485,Food & Dining
10486,Bills & Utilities
10487,Bills & Utilities
10488,Food & Dining
10489,Bills & Utilities
10490,Bills & Utilities
10491,Bills & Utilities
10492,Food & Dining
10493,Bills & Utilities
10494,Bills & Utilities
10495,Food & Dining
10496,Bills & Utilities
10497,Bills & Utilities
10498,Bills & Utilities
10499,Bills & Utilities
10500,Bills & Utilities
10501,Bills & Utilities
10502,Bills & Utilities
10503,Bills & Utilities
10504,Bills & Utilities
10505,Bills & Utilities
10506,Bills & Utilities
10507,Food & Dining
10508,Bills & Utilities
10509,Bills & Utilities
10510,Bills & Utilities
10511,Bills & Utilities
10512,Food & Dining
10513,Food & Dining
10514,Bills & Utilities
10515,Bills & Utilities
10516,Food & Dining
10517,Food & Dining
10518,Food & Dining
10519,Bills & Utilities
10520,Food & Dining
10521,Food & Dining
10522,Food & Dining
10523,Bills & Utilities
10524,Bills & Utilities
10525,Bills & Utilities
10526,Bills & Utilities
10527,Entertainment
10528,Bills & Utilities
10529,Food & Dining
10530,Entertainment
10531,Bills & Utilities
10532,Bills & Utilities
10533,Food & Dining
10534,Food & Dining
10535,Food & Dining
10536,Bills & Utilities
10537,Bills & Utilities
10538,Bills & Utilities
10539,Bills & Utilities
10540,Bills & Utilities
10541,Entertainment
10542,Bills & Utilities
10543,Bills & Utilities
10544,Bills & Utilities
10545,Food & Dining
10546,Entertainment
10547,Food & Dining
10548,Food & Dining
10549,Bills & Utilities
10550,Food & Dining
10551,Bills & Utilities
10552,Food & Dining
10553,Bills & Utilities
10554,Bills & Utilities
10555,Entertainment
10556,Food & Dining
10557,Bills & Utilities
10558,Food & Dining
10559,Food & Dining
10560,Bills & Utilities
10561,Food & Dining
10562,Bills & Utilities
10563,Bills & Utilities
10564,Bills & Utilities
10565,Bills & Utilities
10566,Bills & Utilities
10567,Bills & Utilities
10568,Food & Dining
10569,Food & Dining
10570,Bills & Utilities
10571,Entertainment
10572,Food & Dining
10573,Bills & Utilities
10574,Food & Dining
10575,Bills & Utilities
10576,Bills & Utilities
10577,Food & Dining
10578,Bills & Utilities
10579,Transportation
10580,Food & Dining
10581,Bills & Utilities
10582,Bills & Utilities
10583,Food & Dining
10584,Bills & Utilities
10585,Bills & Utilities
10586,Bills & Utilities
10587,Food & Dining
10588,Food & Dining
10589,Bills & Utilities
10590,Bills & Utilities
10591,Entertainment
10592,Bills & Utilities
10593,Entertainment
10594,Entertainment
10595,Bills & Utilities
10596,Bills & Utilities
10597,Transportation
10598,Food & Dining
10599,Food & Dining
10600,Food & Dining
10601,Food & Dining
10602,Bills & Utilities
10603,Bills & Utilities
10604,Bills & Utilities
10605,Bills & Utilities
10606,Bills & Utilities
10607,Bills & Utilities
10608,Bills & Utilities
10609,Bills & Utilities
10610,Bills & Utilities
10611,Food & Dining
10612,Bills & Utilities
10613,Bills & Utilities
10614,Food & Dining
10615,Bills & Utilities
10616,Food & Dining
10617,Food & Dining
10618,Bills & Utilities
10619,Bills & Utilities
10620,Food & Dining
10621,Entertainment
10622,Food & Dining
10623,Bills & Utilities
10624,Food & Dining
10625,Bills & Utilities
10626,Bills & Utilities
10627,Food & Dining
10628,Bills & Utilities
10629,Bills & Utilities
10630,Bills & Utilities
10631,Bills & Utilities
10632,Subscriptions
10633,Bills & Utilities
10634,Bills & Utilities
10635,Food & Dining
10636,Bills & Utilities
10637,Bills & Utilities
10638,Food & Dining
10639,Bills & Utilities
10640,Bills & Utilities
10641,Food & Dining
10642,Bills & Utilities
10643,Bills & Utilities
10644,Food & Dining
10645,Bills & Utilities
10646,Bills & Utilities
10647,Entertainment
10648,Shopping
10649,Bills & Utilities
10650,Bills & Utilities
10651,Bills & Utilities
10652,Bills & Utilities
10653,Bills & Utilities
10654,Entertainment
10655,Bills & Utilities
10656,Bills & Utilities
10657,Food & Dining
10658,Food & Dining
10659,Entertainment
10660,Food & Dining
10661,Bills & Utilities
10662,Bills & Utilities
10663,Food & Dining
10664,Bills & Utilities
10665,Bills & Utilities
10666,Food & Dining
10667,Bills & Utilities
10668,Food & Dining
10669,Food & Dining
10670,Entertainment
10671,Food & Dining
10672,Bills & Utilities
10673,Bills & Utilities
10674,Food & Dining
10675,Bills & Utilities
10676,Food & Dining
10677,Food & Dining
10678,Entertainment
10679,Bills & Utilities
10680,Bills & Utilities
10681,Bills & Utilities
10682,Food & Dining
10683,Food & Dining
10684,Bills & Utilities
10685,Food & Dining
10686,Bills & Utilities
10687,Bills & Utilities
10688,Bills & Utilities
10689,Food & Dining
10690,Bills & Utilities
10691,Bills & Utilities
10692,Bills & Utilities
10693,Bills & Utilities
10694,Food & Dining
10695,Food & Dining
10696,Bills & Utilities
10697,Food & Dining
10698,Bills & Utilities
10699,Bills & Utilities
10700,Bills & Utilities
10701,Food & Dining
10702,Food & Dining
10703,Bills & Utilities
10704,Transportation
10705,Food & Dining
10706,Entertainment
10707,Food & Dining
10708,Bills & Utilities
10709,Bills & Utilities
10710,Bills & Utilities
10711,Bills & Utilities
10712,Bills & Utilities
10713,Food & Dining
10714,Entertainment
10715,Bills & Utilities
10716,Food & Dining
10717,Food & Dining
10718,Bills & Utilities
10719,Bills & Utilities
10720,Food & Dining
10721,Bills & Utilities
10722,Food & Dining
10723,Bills & Utilities
10724,Food & Dining
10725,Food & Dining
10726,Food & Dining
10727,Bills & Utilities
10728,Bills & Utilities
10729,Entertainment
10730,Bills & Utilities
10731,Bills & Utilities
10732,Bills & Utilities
10733,Bills & Utilities
10734,Food & Dining
10735,Bills & Utilities
10736,Bills & Utilities
10737,Bills & Utilities
10738,Bills & Utilities
10739,Food & Dining
10740,Food & Dining
10741,Bills & Utilities
10742,Bills & Utilities
10743,Bills & Utilities
10744,Food & Dining
10745,Bills & Utilities
10746,Subscriptions
10747,Entertainment
10748,Bills & Utilities
10749,Bills & Utilities
10750,Bills & Utilities
10751,Bills & Utilities
10752,Entertainment
10753,Bills & Utilities
10754,Entertainment
10755,Bills & Utilities
10756,Bills & Utilities
10757,Food & Dining
10758,Bills & Utilities
10759,Bills & Utilities
10760,Bills & Utilities
10761,Bills & Utilities
10762,Bills & Utilities
10763,Bills & Utilities
10764,Bills & Utilities
10765,Bills & Utilities
10766,Entertainment
10767,Food & Dining
10768,Food & Dining
10769,Bills & Utilities
10770,Bills & Utilities
10771,Entertainment
10772,Food & Dining
10773,Bills & Utilities
10774,Entertainment
10775,Food & Dining
10776,Shopping
10777,Bills & Utilities
10778,Entertainment
10779,Food & Dining
10780,Subscriptions
10781,Bills & Utilities
10782,Bills & Utilities
10783,Food & Dining
10784,Transportation
10785,Bills & Utilities
10786,Bills & Utilities
10787,Bills & Utilities
10788,Bills & Utilities
10789,Bills & Utilities
10790,Bills & Utilities
10791,Food & Dining
10792,Bills & Utilities
10793,Food & Dining
10794,Food & Dining
10795,Food & Dining
10796,Bills & Utilities
10797,Food & Dining
10798,Bills & Utilities
10799,Bills & Utilities
10800,Bills & Utilities
10801,Bills & Utilities
10802,Food & Dining
10803,Bills & Utilities
10804,Bills & Utilities
10805,Transportation
10806,Food & Dining
10807,Food & Dining
10808,Bills & Utilities
10809,Bills & Utilities
10810,Food & Dining
10811,Bills & Utilities
10812,Entertainment
10813,Bills & Utilities
10814,Bills & Utilities
10815,Bills & Utilities
10816,Food & Dining
10817,Transportation
10818,Bills & Utilities
10819,Food & Dining
10820,Bills & Utilities
10821,Entertainment
10822,Bills & Utilities
10823,Food & Dining
10824,Food & Dining
10825,Food & Dining
10826,Bills & Utilities
10827,Bills & Utilities
10828,Shopping
10829,Bills & Utilities
10830,Bills & Utilities
10831,Bills & Utilities
10832,Bills & Utilities
10833,Shopping
10834,Bills & Utilities
10835,Food & Dining
10836,Bills & Utilities
10837,Bills & Utilities
10838,Bills & Utilities
10839,Bills & Utilities
10840,Bills & Utilities
10841,Food & Dining
10842,Bills & Utilities
10843,Entertainment
10844,Bills & Utilities
10845,Food & Dining
10846,Bills & Utilities
10847,Transportation
10848,Bills & Utilities
10849,Food & Dining
10850,Food & Dining
10851,Food & Dining
10852,Food & Dining
10853,Bills & Utilities
10854,Food & Dining
10855,Bills & Utilities
10856,Entertainment
10857,Bills & Utilities
10858,Bills & Utilities
10859,Bills & Utilities
10860,Food & Dining
10861,Bills & Utilities
10862,Bills & Utilities
10863,Bills & Utilities
10864,Food & Dining
10865,Bills & Utilities
10866,Bills & Utilities
10867,Entertainment
10868,Food & Dining
10869,Bills & Utilities
10870,Bills & Utilities
10871,Food & Dining
10872,Bills & Utilities
10873,Bills & Utilities
10874,Bills & Utilities
10875,Bills & Utilities
10876,Entertainment
10877,Entertainment
10878,Bills & Utilities
10879,Bills & Utilities
10880,Bills & Utilities
10881,Bills & Utilities
10882,Bills & Utilities
10883,Bills & Utilities
10884,Bills & Utilities
10885,Bills & Utilities
10886,Entertainment
10887,Bills & Utilities
10888,Bills & Utilities
10889,Food & Dining
10890,Food & Dining
10891,Food & Dining
10892,Food & Dining
10893,Food & Dining
10894,Bills & Utilities
10895,Food & Dining
10896,Transportation
10897,Subscriptions
10898,Bills & Utilities
10899,Food & Dining
10900,Food & Dining
10901,Bills & Utilities
10902,Bills & Utilities
10903,Bills & Utilities
10904,Food & Dining
10905,Bills & Utilities
10906,Food & Dining
10907,Entertainment
10908,Bills & Utilities
10909,Food & Dining
10910,Food & Dining
10911,Food & Dining
10912,Bills & Utilities
10913,Food & Dining
10914,Entertainment
10915,Food & Dining
10916,Bills & Utilities
10917,Food & Dining
10918,Bills & Utilities
10919,Food & Dining
10920,Bills & Utilities
10921,Bills & Utilities
10922,Bills & Utilities
10923,Food & Dining
10924,Food & Dining
10925,Food & Dining
10926,Food & Dining
10927,Food & Dining
10928,Bills & Utilities
10929,Food & Dining
10930,Bills & Utilities
10931,Food & Dining
10932,Bills & Utilities
10933,Food & Dining
10934,Food & Dining
10935,Bills & Utilities
10936,Food & Dining
10937,Food & Dining
10938,Food & Dining
10939,Entertainment
10940,Bills & Utilities
10941,Food & Dining
10942,Subscriptions
10943,Bills & Utilities
10944,Food & Dining
10945,Bills & Utilities
10946,Entertainment
10947,Entertainment
10948,Bills & Utilities
10949,Food & Dining
10950,Entertainment
10951,Bills & Utilities
10952,Food & Dining
10953,Bills & Utilities
10954,Bills & Utilities
10955,Bills & Utilities
10956,Bills & Utilities
10957,Bills & Utilities
10958,Bills & Utilities
10959,Food & Dining
10960,Transportation
10961,Food & Dining
10962,Bills & Utilities
10963,Food & Dining
10964,Food & Dining
10965,Bills & Utilities
10966,Bills & Utilities
10967,Bills & Utilities
10968,Entertainment
10969,Transportation
10970,Bills & Utilities
10971,Subscriptions
10972,Food & Dining
10973,Food & Dining
10974,Bills & Utilities
10975,Bills & Utilities
10976,Food & Dining
10977,Bills & Utilities
10978,Entertainment
10979,Food & Dining
10980,Food & Dining
10981,Bills & Utilities
10982,Entertainment
10983,Food & Dining
10984,Food & Dining
10985,Food & Dining
10986,Bills & Utilities
10987,Food & Dining
10988,Bills & Utilities
10989,Entertainment
10990,Food & Dining
10991,Subscriptions
10992,Entertainment
10993,Bills & Utilities
10994,Food & Dining
10995,Bills & Utilities
10996,Bills & Utilities
10997,Food & Dining
10998,Food & Dining
10999,Bills & Utilities
11000,Food & Dining
11001,Bills & Utilities
11002,Entertainment
11003,Bills & Utilities
11004,Bills & Utilities
11005,Bills & Utilities
11006,Bills & Utilities
11007,Entertainment
11008,Transportation
11009,Food & Dining
11010,Bills & Utilities
11011,Food & Dining
11012,Bills & Utilities
11013,Food & Dining
11014,Entertainment
11015,Food & Dining
11016,Food & Dining
11017,Food & Dining
11018,Transportation
11019,Food & Dining
11020,Bills & Utilities
11021,Bills & Utilities
11022,Food & Dining
11023,Bills & Utilities
11024,Bills & Utilities
11025,Entertainment
11026,Bills & Utilities
11027,Bills & Utilities
11028,Bills & Utilities
11029,Bills & Utilities
11030,Food & Dining
11031,Bills & Utilities
11032,Entertainment
11033,Food & Dining
11034,Bills & Utilities
11035,Bills & Utilities
11036,Food & Dining
11037,Bills & Utilities
11038,Bills & Utilities
11039,Bills & Utilities
11040,Bills & Utilities
11041,Food & Dining
11042,Food & Dining
11043,Bills & Utilities
11044,Bills & Utilities
11045,Entertainment
11046,Shopping
11047,Bills & Utilities
11048,Bills & Utilities
11049,Subscriptions
11050,Bills & Utilities
11051,Bills & Utilities
11052,Bills & Utilities
11053,Food & Dining
11054,Transportation
11055,Bills & Utilities
11056,Bills & Utilities
11057,Transportation
11058,Bills & Utilities
11059,Bills & Utilities
11060,Bills & Utilities
11061,Bills & Utilities
11062,Bills & Utilities
11063,Entertainment
11064,Bills & Utilities
11065,Food & Dining
11066,Food & Dining
11067,Food & Dining
11068,Subscriptions
11069,Entertainment
11070,Food & Dining
11071,Entertainment
11072,Bills & Utilities
11073,Bills & Utilities
11074,Food & Dining
11075,Bills & Utilities
11076,Bills & Utilities
11077,Entertainment
11078,Bills & Utilities
11079,Bills & Utilities
11080,Bills & Utilities
11081,Food & Dining
11082,Bills & Utilities
11083,Bills & Utilities
11084,Bills & Utilities
11085,Bills & Utilities
11086,Food & Dining
11087,Food & Dining
11088,Food & Dining
11089,Bills & Utilities
11090,Bills & Utilities
11091,Bills & Utilities
11092,Bills & Utilities
11093,Bills & Utilities
11094,Bills & Utilities
11095,Food & Dining
11096,Food & Dining
11097,Food & Dining
11098,Food & Dining
11099,Bills & Utilities
11100,Bills & Utilities
11101,Entertainment
11102,Bills & Utilities
11103,Food & Dining
11104,Bills & Utilities
11105,Food & Dining
11106,Food & Dining
11107,Bills & Utilities
11108,Transportation
11109,Entertainment
11110,Bills & Utilities
11111,Bills & Utilities
11112,Bills & Utilities
11113,Food & Dining
11114,Food & Dining
11115,Shopping
11116,Bills & Utilities
11117,Bills & Utilities
11118,Food & Dining
11119,Food & Dining
11120,Transportation
11121,Food & Dining
11122,Bills & Utilities
11123,Food & Dining
11124,Entertainment
11125,Entertainment
11126,Bills & Utilities
11127,Bills & Utilities
11128,Food & Dining
11129,Bills & Utilities
11130,Food & Dining
11131,Bills & Utilities
11132,Bills & Utilities
11133,Food & Dining
11134,Food & Dining
11135,Entertainment
11136,Bills & Utilities
11137,Food & Dining
11138,Transportation
11139,Food & Dining
11140,Food & Dining
11141,Bills & Utilities
11142,Bills & Utilities
11143,Entertainment
11144,Bills & Utilities
11145,Food & Dining
11146,Bills & Utilities
11147,Bills & Utilities
11148,Bills & Utilities
11149,Bills & Utilities
11150,Bills & Utilities
11151,Food & Dining
11152,Food & Dining
11153,Bills & Utilities
11154,Food & Dining
11155,Bills & Utilities
11156,Bills & Utilities
11157,Bills & Utilities
11158,Food & Dining
11159,Bills & Utilities
11160,Bills & Utilities
11161,Food & Dining
11162,Food & Dining
11163,Food & Dining
11164,Food & Dining
11165,Bills & Utilities
11166,Entertainment
11167,Bills & Utilities
11168,Bills & Utilities
11169,Bills & Utilities
11170,Entertainment
11171,Bills & Utilities
11172,Bills & Utilities
11173,Bills & Utilities
11174,Bills & Utilities
11175,Bills & Utilities
11176,Bills & Utilities
11177,Entertainment
11178,Bills & Utilities
11179,Bills & Utilities
11180,Bills & Utilities
11181,Bills & Utilities
11182,Bills & Utilities
11183,Food & Dining
11184,Bills & Utilities
11185,Bills & Utilities
11186,Bills & Utilities
11187,Bills & Utilities
11188,Bills & Utilities
11189,Food & Dining
11190,Entertainment
11191,Food & Dining
11192,Food & Dining
11193,Entertainment
11194,Transportation
11195,Food & Dining
11196,Entertainment
11197,Bills & Utilities
11198,Bills & Utilities
11199,Bills & Utilities
11200,Bills & Utilities
11201,Food & Dining
11202,Bills & Utilities
11203,Bills & Utilities
11204,Food & Dining
11205,Bills & Utilities
11206,Bills & Utilities
11207,Bills & Utilities
11208,Entertainment
11209,Bills & Utilities
11210,Bills & Utilities
11211,Bills & Utilities
11212,Bills & Utilities
11213,Entertainment
11214,Food & Dining
11215,Bills & Utilities
11216,Transportation
11217,Entertainment
11218,Bills & Utilities
11219,Bills & Utilities
11220,Food & Dining
11221,Bills & Utilities
11222,Food & Dining
11223,Food & Dining
11224,Transportation
11225,Bills & Utilities
11226,Food & Dining
11227,Food & Dining
11228,Food & Dining
11229,Food & Dining
11230,Entertainment
11231,Bills & Utilities
11232,Bills & Utilities
11233,Bills & Utilities
11234,Bills & Utilities
11235,Bills & Utilities
11236,Bills & Utilities
11237,Bills & Utilities
11238,Bills & Utilities
11239,Bills & Utilities
11240,Food & Dining
11241,Bills & Utilities
11242,Bills & Utilities
11243,Bills & Utilities
11244,Food & Dining
11245,Food & Dining
11246,Bills & Utilities
11247,Bills & Utilities
11248,Food & Dining
11249,Entertainment
11250,Entertainment
11251,Bills & Utilities
11252,Food & Dining
11253,Entertainment
11254,Bills & Utilities
11255,Entertainment
11256,Bills & Utilities
11257,Food & Dining
11258,Food & Dining
11259,Bills & Utilities
11260,Food & Dining
11261,Entertainment
11262,Bills & Utilities
11263,Bills & Utilities
11264,Food & Dining
11265,Bills & Utilities
11266,Bills & Utilities
11267,Food & Dining
11268,Food & Dining
11269,Bills & Utilities
11270,Bills & Utilities
11271,Food & Dining
11272,Bills & Utilities
11273,Food & Dining
11274,Bills & Utilities
11275,Bills & Utilities
11276,Food & Dining
11277,Bills & Utilities
11278,Food & Dining
11279,Food & Dining
11280,Bills & Utilities
11281,Food & Dining
11282,Transportation
11283,Food & Dining
11284,Food & Dining
11285,Bills & Utilities
11286,Entertainment
11287,Bills & Utilities
11288,Food & Dining
11289,Food & Dining
11290,Bills & Utilities
11291,Bills & Utilities
11292,Bills & Utilities
11293,Bills & Utilities
11294,Bills & Utilities
11295,Food & Dining
11296,Entertainment
11297,Entertainment
11298,Bills & Utilities
11299,Food & Dining
11300,Bills & Utilities
11301,Entertainment
11302,Bills & Utilities
11303,Bills & Utilities
11304,Bills & Utilities
11305,Bills & Utilities
11306,Entertainment
11307,Bills & Utilities
11308,Entertainment
11309,Bills & Utilities
11310,Bills & Utilities
11311,Bills & Utilities
11312,Bills & Utilities
11313,Bills & Utilities
11314,Bills & Utilities
11315,Bills & Utilities
11316,Entertainment
11317,Bills & Utilities
11318,Food & Dining
11319,Bills & Utilities
11320,Bills & Utilities
11321,Bills & Utilities
11322,Food & Dining
11323,Bills & Utilities
11324,Food & Dining
11325,Entertainment
11326,Food & Dining
11327,Food & Dining
11328,Food & Dining
11329,Bills & Utilities
11330,Bills & Utilities
11331,Food & Dining
11332,Bills & Utilities
11333,Bills & Utilities
11334,Food & Dining
11335,Bills & Utilities
11336,Transportation
11337,Food & Dining
11338,Food & Dining
11339,Bills & Utilities
11340,Bills & Utilities
11341,Bills & Utilities
11342,Bills & Utilities
11343,Food & Dining
11344,Entertainment
11345,Bills & Utilities
11346,Bills & Utilities
11347,Bills & Utilities
11348,Bills & Utilities
11349,Bills & Utilities
11350,Food & Dining
11351,Food & Dining
11352,Food & Dining
11353,Entertainment
11354,Bills & Utilities
11355,Bills & Utilities
11356,Bills & Utilities
11357,Bills & Utilities
11358,Food & Dining
11359,Bills & Utilities
11360,Food & Dining
11361,Bills & Utilities
11362,Food & Dining
11363,Food & Dining
11364,Bills & Utilities
11365,Food & Dining
11366,Food & Dining
11367,Food & Dining
11368,Entertainment
11369,Bills & Utilities
11370,Food & Dining
11371,Food & Dining
11372,Food & Dining
11373,Food & Dining
11374,Bills & Utilities
11375,Bills & Utilities
11376,Bills & Utilities
11377,Bills & Utilities
11378,Entertainment
11379,Bills & Utilities
11380,Bills & Utilities
11381,Food & Dining
11382,Bills & Utilities
11383,Food & Dining
11384,Bills & Utilities
11385,Bills & Utilities
11386,Bills & Utilities
11387,Food & Dining
11388,Bills & Utilities
11389,Bills & Utilities
11390,Bills & Utilities
11391,Bills & Utilities
11392,Entertainment
11393,Shopping
11394,Bills & Utilities
11395,Food & Dining
11396,Entertainment
11397,Bills & Utilities
11398,Bills & Utilities
11399,Entertainment
11400,Entertainment
11401,Food & Dining
11402,Bills & Utilities
11403,Bills & Utilities
11404,Bills & Utilities
11405,Bills & Utilities
11406,Bills & Utilities
11407,Bills & Utilities
11408,Entertainment
11409,Food & Dining
11410,Bills & Utilities
11411,Bills & Utilities
11412,Bills & Utilities
11413,Food & Dining
11414,Bills & Utilities
11415,Entertainment
11416,Food & Dining
11417,Bills & Utilities
11418,Food & Dining
11419,Bills & Utilities
11420,Bills & Utilities
11421,Bills & Utilities
11422,Food & Dining
11423,Entertainment
11424,Bills & Utilities
11425,Food & Dining
11426,Bills & Utilities
11427,Food & Dining
11428,Bills & Utilities
11429,Bills & Utilities
11430,Bills & Utilities
11431,Bills & Utilities
11432,Bills & Utilities
11433,Bills & Utilities
11434,Bills & Utilities
11435,Bills & Utilities
11436,Bills & Utilities
11437,Bills & Utilities
11438,Food & Dining
11439,Bills & Utilities
11440,Entertainment
11441,Bills & Utilities
11442,Food & Dining
11443,Bills & Utilities
11444,Bills & Utilities
11445,Bills & Utilities
11446,Entertainment
11447,Bills & Utilities
11448,Bills & Utilities
11449,Food & Dining
11450,Bills & Utilities
11451,Entertainment
11452,Food & Dining
11453,Food & Dining
11454,Food & Dining
11455,Bills & Utilities
11456,Food & Dining
11457,Bills & Utilities
11458,Food & Dining
11459,Food & Dining
11460,Bills & Utilities
11461,Bills & Utilities
11462,Bills & Utilities
11463,Food & Dining
11464,Bills & Utilities
11465,Bills & Utilities
11466,Bills & Utilities
11467,Bills & Utilities
11468,Food & Dining
11469,Entertainment
11470,Bills & Utilities
11471,Bills & Utilities
11472,Bills & Utilities
11473,Bills & Utilities
11474,Bills & Utilities
11475,Entertainment
11476,Bills & Utilities
11477,Food & Dining
11478,Food & Dining
11479,Bills & Utilities
11480,Food & Dining
11481,Food & Dining
11482,Bills & Utilities
11483,Food & Dining
11484,Bills & Utilities
11485,Food & Dining
11486,Food & Dining
11487,Bills & Utilities
11488,Food & Dining
11489,Bills & Utilities
11490,Bills & Utilities
11491,Bills & Utilities
11492,Bills & Utilities
11493,Entertainment
11494,Food & Dining
11495,Bills & Utilities
11496,Bills & Utilities
11497,Food & Dining
11498,Bills & Utilities
11499,Bills & Utilities
11500,Entertainment
11501,Entertainment
11502,Bills & Utilities
11503,Bills & Utilities
11504,Bills & Utilities
11505,Bills & Utilities
11506,Bills & Utilities
11507,Food & Dining
11508,Bills & Utilities
11509,Bills & Utilities
11510,Bills & Utilities
11511,Food & Dining
11512,Food & Dining
11513,Bills & Utilities
11514,Entertainment
11515,Bills & Utilities
11516,Food & Dining
11517,Bills & Utilities
11518,Bills & Utilities
11519,Bills & Utilities
11520,Bills & Utilities
11521,Transportation
11522,Bills & Utilities
11523,Bills & Utilities
11524,Food & Dining
11525,Bills & Utilities
11526,Bills & Utilities
11527,Food & Dining
11528,Entertainment
11529,Bills & Utilities
11530,Bills & Utilities
11531,Bills & Utilities
11532,Food & Dining
11533,Food & Dining
11534,Bills & Utilities
11535,Food & Dining
11536,Food & Dining
11537,Entertainment
11538,Entertainment
11539,Bills & Utilities
11540,Bills & Utilities
11541,Bills & Utilities
11542,Entertainment
11543,Bills & Utilities
11544,Bills & Utilities
11545,Bills & Utilities
11546,Bills & Utilities
11547,Food & Dining
11548,Bills & Utilities
11549,Bills & Utilities
11550,Bills & Utilities
11551,Food & Dining
11552,Food & Dining
11553,Food & Dining
11554,Entertainment
11555,Entertainment
11556,Bills & Utilities
11557,Bills & Utilities
11558,Bills & Utilities
11559,Food & Dining
11560,Bills & Utilities
11561,Food & Dining
11562,Food & Dining
11563,Bills & Utilities
11564,Bills & Utilities
11565,Food & Dining
11566,Bills & Utilities
11567,Bills & Utilities
11568,Bills & Utilities
11569,Food & Dining
11570,Food & Dining
11571,Bills & Utilities
11572,Transportation
11573,Food & Dining
11574,Bills & Utilities
11575,Bills & Utilities
11576,Food & Dining
11577,Bills & Utilities
11578,Bills & Utilities
11579,Food & Dining
11580,Bills & Utilities
11581,Bills & Utilities
11582,Bills & Utilities
11583,Bills & Utilities
11584,Food & Dining
11585,Bills & Utilities
11586,Bills & Utilities
11587,Bills & Utilities
11588,Bills & Utilities
11589,Bills & Utilities
11590,Bills & Utilities
11591,Bills & Utilities
11592,Bills & Utilities
11593,Entertainment
11594,Bills & Utilities
11595,Entertainment
11596,Food & Dining
11597,Bills & Utilities
11598,Bills & Utilities
11599,Bills & Utilities
11600,Transportation
11601,Bills & Utilities
11602,Bills & Utilities
11603,Bills & Utilities
11604,Bills & Utilities
11605,Bills & Utilities
11606,Food & Dining
11607,Food & Dining
11608,Bills & Utilities
11609,Bills & Utilities
11610,Bills & Utilities
11611,Bills & Utilities
11612,Food & Dining
11613,Bills & Utilities
11614,Bills & Utilities
11615,Food & Dining
11616,Bills & Utilities
11617,Bills & Utilities
11618,Entertainment
11619,Bills & Utilities
11620,Transportation
11621,Bills & Utilities
11622,Bills & Utilities
11623,Entertainment
11624,Bills & Utilities
11625,Entertainment
11626,Food & Dining
11627,Bills & Utilities
11628,Entertainment
11629,Entertainment
11630,Bills & Utilities
11631,Bills & Utilities
11632,Food & Dining
11633,Bills & Utilities
11634,Entertainment
11635,Food & Dining
11636,Bills & Utilities
11637,Bills & Utilities
11638,Bills & Utilities
11639,Bills & Utilities
11640,Bills & Utilities
11641,Food & Dining
11642,Subscriptions
11643,Bills & Utilities
11644,Bills & Utilities
11645,Food & Dining
11646,Food & Dining
11647,Food & Dining
11648,Food & Dining
11649,Bills & Utilities
11650,Bills & Utilities
11651,Transportation
11652,Entertainment
11653,Entertainment
11654,Entertainment
11655,Bills & Utilities
11656,Bills & Utilities
11657,Food & Dining
11658,Food & Dining
11659,Food & Dining
11660,Food & Dining
11661,Entertainment
11662,Bills & Utilities
11663,Food & Dining
11664,Food & Dining
11665,Bills & Utilities
11666,Entertainment
11667,Food & Dining
11668,Food & Dining
11669,Food & Dining
11670,Bills & Utilities
11671,Food & Dining
11672,Food & Dining
11673,Transportation
11674,Food & Dining
11675,Entertainment
11676,Bills & Utilities
11677,Bills & Utilities
11678,Food & Dining
11679,Bills & Utilities
11680,Food & Dining
11681,Bills & Utilities
11682,Entertainment
11683,Food & Dining
11684,Bills & Utilities
11685,Bills & Utilities
11686,Food & Dining
11687,Entertainment
11688,Bills & Utilities
11689,Bills & Utilities
11690,Food & Dining
11691,Bills & Utilities
11692,Food & Dining
11693,Food & Dining
11694,Bills & Utilities
11695,Entertainment
11696,Bills & Utilities
11697,Bills & Utilities
11698,Food & Dining
11699,Food & Dining
11700,Bills & Utilities
11701,Food & Dining
11702,Food & Dining
11703,Food & Dining
11704,Bills & Utilities
11705,Bills & Utilities
11706,Bills & Utilities
11707,Transportation
11708,Food & Dining
11709,Bills & Utilities
11710,Food & Dining
11711,Bills & Utilities
11712,Food & Dining
11713,Entertainment
11714,Bills & Utilities
11715,Bills & Utilities
11716,Food & Dining
11717,Bills & Utilities
11718,Bills & Utilities
11719,Shopping
11720,Food & Dining
11721,Bills & Utilities
11722,Food & Dining
11723,Food & Dining
11724,Food & Dining
11725,Food & Dining
11726,Bills & Utilities
11727,Bills & Utilities
11728,Food & Dining
11729,Bills & Utilities
11730,Bills & Utilities
11731,Entertainment
11732,Shopping
11733,Bills & Utilities
11734,Bills & Utilities
11735,Food & Dining
11736,Food & Dining
11737,Food & Dining
11738,Food & Dining
11739,Food & Dining
11740,Bills & Utilities
11741,Bills & Utilities
11742,Food & Dining
11743,Bills & Utilities
11744,Food & Dining
11745,Bills & Utilities
11746,Bills & Utilities
11747,Entertainment
11748,Bills & Utilities
11749,Bills & Utilities
11750,Food & Dining
11751,Bills & Utilities
11752,Bills & Utilities
11753,Bills & Utilities
11754,Bills & Utilities
11755,Food & Dining
11756,Food & Dining
11757,Bills & Utilities
11758,Bills & Utilities
11759,Bills & Utilities
11760,Bills & Utilities
11761,Bills & Utilities
11762,Bills & Utilities
11763,Bills & Utilities
11764,Bills & Utilities
11765,Bills & Utilities
11766,Food & Dining
11767,Food & Dining
11768,Bills & Utilities
11769,Food & Dining
11770,Food & Dining
11771,Bills & Utilities
11772,Food & Dining
11773,Bills & Utilities
11774,Food & Dining
11775,Bills & Utilities
11776,Entertainment
11777,Bills & Utilities
11778,Entertainment
11779,Bills & Utilities
11780,Food & Dining
11781,Food & Dining
11782,Bills & Utilities
11783,Transportation
11784,Bills & Utilities
11785,Food & Dining
11786,Food & Dining
11787,Bills & Utilities
11788,Bills & Utilities
11789,Bills & Utilities
11790,Bills & Utilities
11791,Bills & Utilities
11792,Bills & Utilities
11793,Food & Dining
11794,Bills & Utilities
11795,Bills & Utilities
11796,Bills & Utilities
11797,Bills & Utilities
11798,Food & Dining
11799,Bills & Utilities
11800,Food & Dining
11801,Food & Dining
11802,Entertainment
11803,Food & Dining
11804,Bills & Utilities
11805,Entertainment
11806,Bills & Utilities
11807,Bills & Utilities
11808,Bills & Utilities
11809,Food & Dining
11810,Bills & Utilities
11811,Bills & Utilities
11812,Bills & Utilities
11813,Bills & Utilities
11814,Bills & Utilities
11815,Food & Dining
11816,Bills & Utilities
11817,Entertainment
11818,Bills & Utilities
11819,Food & Dining
11820,Bills & Utilities
11821,Bills & Utilities
11822,Food & Dining
11823,Bills & Utilities
11824,Bills & Utilities
11825,Bills & Utilities
11826,Bills & Utilities
11827,Bills & Utilities
11828,Transportation
11829,Food & Dining
11830,Bills & Utilities
11831,Food & Dining
11832,Food & Dining
11833,Bills & Utilities
11834,Bills & Utilities
11835,Food & Dining
11836,Food & Dining
11837,Entertainment
11838,Entertainment
11839,Bills & Utilities
11840,Bills & Utilities
11841,Transportation
11842,Food & Dining
11843,Bills & Utilities
11844,Entertainment
11845,Entertainment
11846,Bills & Utilities
11847,Food & Dining
11848,Bills & Utilities
11849,Entertainment
11850,Entertainment
11851,Bills & Utilities
11852,Bills & Utilities
11853,Bills & Utilities
11854,Entertainment
11855,Bills & Utilities
11856,Food & Dining
11857,Bills & Utilities
11858,Bills & Utilities
11859,Bills & Utilities
11860,Entertainment
11861,Entertainment
11862,Bills & Utilities
11863,Food & Dining
11864,Bills & Utilities
11865,Bills & Utilities
11866,Bills & Utilities
11867,Food & Dining
11868,Bills & Utilities
11869,Food & Dining
11870,Subscriptions
11871,Bills & Utilities
11872,Food & Dining
11873,Bills & Utilities
11874,Food & Dining
11875,Entertainment
11876,Entertainment
11877,Bills & Utilities
11878,Bills & Utilities
11879,Bills & Utilities
11880,Subscriptions
11881,Bills & Utilities
11882,Bills & Utilities
11883,Food & Dining
11884,Bills & Utilities
11885,Bills & Utilities
11886,Bills & Utilities
11887,Bills & Utilities
11888,Food & Dining
11889,Bills & Utilities
11890,Bills & Utilities
11891,Entertainment
11892,Bills & Utilities
11893,Bills & Utilities
11894,Food & Dining
11895,Bills & Utilities
11896,Bills & Utilities
11897,Bills & Utilities
11898,Bills & Utilities
11899,Entertainment
11900,Bills & Utilities
11901,Bills & Utilities
11902,Bills & Utilities
11903,Food & Dining
11904,Food & Dining
11905,Food & Dining
11906,Food & Dining
11907,Food & Dining
11908,Bills & Utilities
11909,Bills & Utilities
11910,Food & Dining
11911,Bills & Utilities
11912,Bills & Utilities
11913,Food & Dining
11914,Entertainment
11915,Bills & Utilities
11916,Food & Dining
11917,Subscriptions
11918,Entertainment
11919,Subscriptions
11920,Food & Dining
11921,Subscriptions
11922,Food & Dining
11923,Bills & Utilities
11924,Entertainment
11925,Subscriptions
11926,Food & Dining
11927,Food & Dining
11928,Food & Dining
11929,Bills & Utilities
11930,Food & Dining
11931,Food & Dining
11932,Bills & Utilities
11933,Food & Dining
11934,Entertainment
11935,Entertainment
11936,Food & Dining
11937,Bills & Utilities
11938,Bills & Utilities
11939,Bills & Utilities
11940,Bills & Utilities
11941,Bills & Utilities
11942,Entertainment
11943,Food & Dining
11944,Bills & Utilities
11945,Bills & Utilities
11946,Bills & Utilities
11947,Bills & Utilities
11948,Bills & Utilities
11949,Food & Dining
11950,Transportation
11951,Entertainment
11952,Bills & Utilities
11953,Bills & Utilities
11954,Bills & Utilities
11955,Food & Dining
11956,Bills & Utilities
11957,Bills & Utilities
11958,Bills & Utilities
11959,Food & Dining
11960,Bills & Utilities
11961,Bills & Utilities
11962,Bills & Utilities
11963,Bills & Utilities
11964,Bills & Utilities
11965,Bills & Utilities
11966,Bills & Utilities
11967,Food & Dining
11968,Bills & Utilities
11969,Food & Dining
11970,Food & Dining
11971,Bills & Utilities
11972,Bills & Utilities
11973,Bills & Utilities
11974,Bills & Utilities
11975,Bills & Utilities
11976,Bills & Utilities
11977,Food & Dining
11978,Bills & Utilities
11979,Bills & Utilities
11980,Bills & Utilities
11981,Entertainment
11982,Bills & Utilities
11983,Bills & Utilities
11984,Bills & Utilities
11985,Bills & Utilities
11986,Food & Dining
11987,Bills & Utilities
11988,Food & Dining
11989,Bills & Utilities
11990,Bills & Utilities
11991,Food & Dining
11992,Food & Dining
11993,Entertainment
11994,Bills & Utilities
11995,Bills & Utilities
11996,Bills & Utilities
11997,Bills & Utilities
11998,Bills & Utilities
11999,Bills & Utilities
12000,Entertainment
